,Unnamed: 0.2,Unnamed: 0.1,Unnamed: 0,Reconstructed Path,Original Path,Corrupted Path,Partial or Full,Run Time,Run Time (learning),Run Time (reconstruction),RMSE,PSNR,SSIM,Luminance Dist.,Contrast Dist.,Structural Comp.,RMSE Gain,PSNR Gain,SSIM Gain,Luminance Dist. Gain,Contrast Dist. Gain,Structural Comp. Gain,param: K,param: N,param: Iters,param: L,param: patch_shape,param: other
0,0.0,0.0,0.0,,,,,,,,,,,,,,,,,,,,,,,,,
1,1.0,1.0,,,,,,25.90582656860352,0.933213233947754,24.97261333465576,52.6301511872073,13.706111256908295,0.5340058196646188,0.999981206379626,0.808750556521797,0.6602973580043442,52.6301511872073,-inf,,,,,100.0,200.0,,2.0,,
2,2.0,,,,,,,24.222866535186768,0.9482622146606444,23.274604320526123,60.28012041183172,12.527321385415192,0.3266393698743102,0.9989287130392744,0.6446177030041402,0.5072613862756284,-11.092607806538451,1.4671637358449274,,,,,100.0,200.0,,2.0,,
3,,,,,,,,54.25023555755615,3.6618239879608154,50.58841156959534,59.557411607316794,12.63208731165875,0.38371001826486684,0.9988343934722845,0.7464470525814665,0.5146484184912498,-11.970186562899997,1.590756544722641,,,,,100.0,200.0,2.0,4.0,,
