,Reconstructed Path,Original Path,Corrupted Path,Partial or Full,Run Time,Run Time (learning),Run Time (reconstruction),RMSE,PSNR,SSIM,Luminance Dist.,Contrast Dist.,Structural Comp.,RMSE Gain,PSNR Gain,SSIM Gain,Luminance Dist. Gain,Contrast Dist. Gain,Structural Comp. Gain,param: K,param: N,param: Iters,param: L,param: other
0,,,,,,,,,,,,,,,,,,,,,,,,
1,,,,,57.44492864608765,4.122117280960083,53.32281136512756,59.65734612178988,12.61752501444654,0.3429300831159134,0.9990523437060338,0.6661205618854478,0.5153051727713001,-11.950632949446778,1.5859497495612196,,,,,200.0,500.0,1.0,2.0,
2,,,,,62.04287624359131,8.309454441070557,53.73342180252075,60.19356530430583,12.539802256013076,0.3360719137982086,0.9990587467748736,0.6810082704547014,0.4939566157872624,-11.419740954610424,1.508873143187918,,,,,200.0,500.0,2.0,2.0,
3,,,,,57.83898997306824,4.356157302856445,53.48283267021179,59.91447284884517,12.58016875716184,0.3506280785621512,0.9986376423149428,0.676480398317703,0.5190193418060641,-12.519706698290356,1.6482360541782397,,,,,200.0,500.0,1.0,2.0,
4,,,,,173.11368250846863,0.0,173.11368250846863,51.04803546425078,13.971222942101903,0.5902105491664433,0.9999951670947996,0.8677283143392358,0.6801822550429294,51.04803546425078,-inf,,,,,200.0,500.0,0.0,10.0,
5,,,,,63.63013315200806,35.341660261154175,28.28847289085388,9.000689146848458,29.045288350525063,0.9865888337903465,0.999974328808354,0.999518889041325,0.9870890607158616,9.000689146848458,-inf,,,,,100.0,300.0,10.0,5.0,
6,,,,,63.19235587120056,35.341660261154175,27.850695610046387,9.29149885282399,28.769088056460667,0.9855362548685588,0.9999732980084216,0.9994590502980764,0.9860959996891386,9.29149885282399,-inf,,,,,100.0,300.0,10.0,5.0,
7,,,,,692.7522692680359,35.341660261154175,657.4106090068817,7.485542213132809,30.646338332351068,0.9904686712551688,0.999972199370487,0.9994343249264394,0.9910568238149866,7.485542213132809,-inf,,,,,100.0,300.0,10.0,5.0,
8,,,,,672.2204909324646,289.733238697052,382.4872522354126,82.69536124843047,9.781180634245338,0.24875090648181883,0.7782207078806538,0.960808163608498,0.33267886009619485,-0.597142882760366,0.06249540641718454,,,,,200.0,800.0,10.0,5.0,
