,Reconstructed Path,Original Path,Corrupted Path,Partial or Full,Run Time,Run Time (learning),Run Time (reconstruction),RMSE,PSNR,SSIM,Luminance Dist.,Contrast Dist.,Structural Comp.,RMSE Gain,PSNR Gain,SSIM Gain,Luminance Dist. Gain,Contrast Dist. Gain,Structural Comp. Gain,param: K,param: N,param: Iters,param: L,param: other
0,,,,,,,,,,,,,,,,,,,,,,,,
1,,,,,57.44492864608765,4.122117280960083,53.32281136512756,59.65734612178988,12.61752501444654,0.3429300831159134,0.9990523437060338,0.6661205618854478,0.5153051727713001,-11.950632949446778,1.5859497495612196,,,,,200.0,500.0,1.0,2.0,
2,,,,,62.04287624359131,8.309454441070557,53.73342180252075,60.19356530430583,12.539802256013076,0.3360719137982086,0.9990587467748736,0.6810082704547014,0.4939566157872624,-11.419740954610424,1.508873143187918,,,,,200.0,500.0,2.0,2.0,
3,,,,,57.83898997306824,4.356157302856445,53.48283267021179,59.91447284884517,12.58016875716184,0.3506280785621512,0.9986376423149429,0.676480398317703,0.5190193418060641,-12.519706698290356,1.6482360541782395,,,,,200.0,500.0,1.0,2.0,
