,Reconstructed Path,Original Path,Corrupted Path,Partial or Full,Run Time,Run Time (learning),Run Time (reconstruction),RMSE,PSNR,SSIM,Luminance Dist.,Contrast Dist.,Structural Comp.,RMSE Gain,PSNR Gain,SSIM Gain,Luminance Dist. Gain,Contrast Dist. Gain,Structural Comp. Gain,param: K,param: N,param: Iters,param: L,param: other
0,,,,,,,,,,,,,,,,,,,,,,,,
1,,,,,57.44492864608765,4.122117280960083,53.32281136512756,59.65734612178988,12.61752501444654,0.3429300831159134,0.9990523437060338,0.6661205618854478,0.5153051727713001,-11.950632949446778,1.5859497495612196,,,,,200.0,500.0,1.0,2.0,
2,,,,,62.04287624359131,8.309454441070557,53.73342180252075,60.19356530430583,12.539802256013077,0.3360719137982086,0.9990587467748735,0.6810082704547014,0.49395661578726247,-11.419740954610425,1.5088731431879179,,,,,200.0,500.0,2.0,2.0,
